{
  "a": 0.9145205785535203,
  "b": -0.12024113299547003,
  "step_type": "goal"
}