{
  "a": 0.7461511682015389,
  "b": -0.34808897621958407,
  "step_type": "goal"
}