{
  "typecheck:missing_types": [
    {
      "files_changed": 3,
      "qa_passed": true,
      "ts": 1781780017.618317
    },
    {
      "files_changed": 2,
      "qa_passed": false,
      "ts": 1781780017.6186626
    },
    {
      "files_changed": 4,
      "qa_passed": true,
      "ts": 1781780017.6190016
    }
  ]
}